url,description
https://1password.com,"A password manager, digital vault, form filler and secure digital wallet. 1Password remembers all your passwords for you to help keep account information safe."
https://2daysmood.com,Presteer beter door gelukkige medewerkers! Continu meten van medewerkersbetrokkenheid en medewerkerstevredenheid is de eerste stap naar een positieve en productieve organisatie.
https://www.8x8.com,"8x8's VoIP business phone systems deliver affordable, cloud-based voice, video, messaging, and call center solutions, helping you serve customers anytime, anywhere."
https://vark.io,"Automatically send text reminders to your Hubspot sales leads before appointments. Try Aardvark for free and get rid of ""no shows""."
https://acronymx.com,
https://adext.ai,"Enhance the performance of your Google, YouTube, Facebook and Instagram Ads by merging with Artificial Intelligence (AI) automation technology."
https://adobe.com,"Adobe is changing the world through digital experiences. We help our customers create, deliver and optimize content and applications."
https://www.ageoflearning.com,"Age of Learning blends education best practices, innovative technology, and insightful creativity to bring learning to life for children across the U.S. and around the world."
https://air.inc,
https://airfocus.com,"Prioritization and roadmapping software for product managers, project managers, and marketing strategists. Integrates with Jira, Trello, Azure DevOps, Asana, and more."
https://airtable.com,Airtable works like a spreadsheet but gives you the power of a database to organize anything. Sign up for free.
https://airtable.com,Airtable works like a spreadsheet but gives you the power of a database to organize anything. Sign up for free.
https://algolia.com,"Algolia helps businesses across industries quickly create relevant, scalable, and lightning fast Search and Discovery experiences."
https://edhesive.com,"K-12 computer science curriculum for AP Computer A, AP Computer Principles, and Introduction to Computer Science in Python."
https://www.anaplan.com,
https://apify.com,"Apify extracts data from websites, crawls lists of URLs and automates workflows on the web. Turn any website into an API in a few minutes!"
https://appscreens.com,"Design high-quality, pixel perfect screenshots for your Apple & Android apps, the all-in-one solution to boost your app store impact and sales! Start with our beautiful captivating templates, created based on the most popular & successful apps across the app stores. Business owner? Designer? Full stack developer? AppScreens is designed for you using our cloud-based solution allowing you to work anywhere, anytime. Not sure what you‚Äôre after? Play with over 950 fonts, rich text, templates, 100‚Äôs of devices & colour combinations - all updated live as you go!"
https://www.atlassian.com,"Millions of users globally rely on Atlassian products every day for improving software development, project management, collaboration, and code quality."
https://www.atlassian.com,"Millions of users globally rely on Atlassian products every day for improving software development, project management, collaboration, and code quality."
https://audible.com,Listen to 3 audiobooks/month for $14.95/month: 1 Audiobook + 2 Audible Originals. Exclusive fitness & wellness programs. Try Audible FREE for 30 days.
https://www.autodesk.com,"Autodesk builds software that helps people imagine, design, and make a better world. "
https://automate.io,"Automate.io connects all your cloud applications with amazing ease. Automate marketing, sales, payments or any business processes in minutes."
https://avaya.com,
https://www.aventri.com,Aventri‚Äôs event management technology has the power and flexibility global enterprises need and the scalability that event organizers love.
https://www.avid.com,"Avid empowers media creators with innovative technology and collaborative tools to entertain, inform, educate and enlighten the world."
https://www.awarehq.com,"Bring enterprise collaboration tools like Workplace from Facebook, Yammer, Microsoft Teams and Slack to your entire workforce using our comprehensive risk management & insights suite. 

Our dream is that you safely, securely bring the future of work to your global workforce. 
Let's do it together. üöÄ"
https://basedash.io,
https://www.benchmarkemail.com,"Email Marketing Service to engage subscribers, nurture leads, send beautiful, responsive emails and track results."
https://www.bigradar.io,
https://bill.com,
https://birdeatsbug.com,Found a bug? Record and share with engineers. It will come with technical logs and everything. Your team will ‚ù§Ô∏è you.
https://birdeye.com,"BirdEye is a comprehensive customer experience platform. More than 50,000 businesses of all sizes use BirdEye everyday to be found online through reviews, be chosen by customers with text messaging interactions, and be the best business with survey and insights tools."
https://www.bitdefender.com,"Bitdefender is a global cybersecurity leader you can trust and rely on, protecting over 500 million systems in more than 150 countries."
https://www.blackbell.com,"Schedule appointments, sell services, manage payments, subscriptions, chats, CRM and tasks."
https://bloomz.com,"Bloomz makes it easy for Teachers and Schools to safely communicate and coordinate with parents, share media, school events, instantly message parents and more. Parents love it too!"
https://blucheq.com,"blucheq simplifies compliance with the GDPR, CCPA, and other privacy regulations, including the appointment of an EU representative per GDPR's Article 27"
https://www.bluejeans.com,"BlueJeans is the world's leader in cloud video conferencing. Easily and securely hold live video calls, webinars, conference calls, and online meetings."
https://boardable.com,
https://box.com,
https://breezy.hr,Improve your entire hiring process with Breezy HR recruiting software & applicant tracking system. We help you attract & hire great employees with less effort. üëå
https://www.brit.co,
https://www.builder.ai,"Turn any idea into tailor-made apps, websites or wearables with our easy software builder. No code? No problem. Start building your app today!"
https://builton.dev,"BuiltOn offers free access to cutting edge APIs with ML capabilities that build smart, reliable and scalable commerce solutions ‚Äì incredibly FAST."
https://bundy.io,
https://burnermail.io,One-click burner email addresses that you can use when signing up on websites to protect your identity and prevent your personal email address from being sold or spammed.
https://calendly.com,"Find the perfect meeting time with super easy online appointment scheduling software from Calendly, and say goodbye to phone and email tag. It's 100% free, super easy to use, and you'll love our customer service."
https://calendly.com,"Find the perfect meeting time with super easy online appointment scheduling software from Calendly, and say goodbye to phone and email tag. It's 100% free, super easy to use, and you'll love our customer service."
http://callto.shop/,
https://www.calltrackingmetrics.com/,The Only All-in-One Call Tracking & Contact Center Solution
https://www.calm.com,
https://carto.com,"The future of GIS? It‚Äôs Spatial Data Science. CARTO is the world‚Äôs leading Location Intelligence platform for Data Scientists, Developers and Analysts in Enterprise."
https://www.executestrategy.net/freecascade,"To help you mitigate the impact of COVID-19 on your business, get 3 months of Cascade Starter absolutely free."
https://cast.app,"Reports you can read, listen, or watch."
https://chamaileon.io,HTML email template builder and collaborative content management platform for professionals to design nice responsive emails in no time without coding.
https://chartsfactory.com,"Charts Factory lets you create charts easily and it is free for 1 week. Create, Edit and Share Bar, Horizontal Bar, Line, Area, Doughnut, Funnel and Pyramid Charts. Charts Factory is a Chart Maker, Chart Builder, Chart Generator. Online Chart Maker, Table Chart Maker, Online Line Graph Maker, Google Chart Maker, Best Graph Maker, Creative Charts, Bar Chart Maker"
https://chatfuel.com,Chatfuel is the world‚Äôs leading chatbot platform for Facebook Messenger.
https://cirasync.com,CiraSync - Sync Office 365 Global Address List and Public Folder contacts to mobile users in under a minute. Also Sync shared Calendars. Try now for free!
https://getcircuit.com,Optimize the order of your delivery routes with Circuit and get home earlier.
https://cisco.com,"Cisco is the worldwide leader in IT, networking, and cybersecurity solutions. We help companies of all sizes transform how people connect, communicate, and collaborate."
https://www.clappia.com,"Clappia provides a cloud workplace where a suite of custom apps can be created within minutes by any business user with zero coding skills. All businesses need apps for their processes. However, all businesses are unique and procuring custom apps for such unique needs is difficult, expensive or time-consuming. Clappia enables you to quickly create your own custom apps without any dependency on an IT team."
https://classtag.com,"ClassTag transforms how you connect with parents, saves time on communication and brings in free supplies for your class. Plus, it's free, forever!"
https://clickup.com,"Our mission is to make the world more productive. To do this, we've built one app to replace them all - Tasks, Docs, Goals, and Chat."
https://clinq.com,"Mit CLINQ verbesserst du die Erreichbarkeit deines Teams. Keine Hardware, keine Telefonanlage ‚Äì einfach einloggen und lostelefonieren."
https://www.cloudflare.com,"Here at Cloudflare, we make the Internet work the way it should. Offering CDN, DNS, DDoS protection and security, find out how we can help your site.
"
https://www.cloudforecast.io,CloudForecast is a cloud cost management tool that helps your team eliminate wasted cost on AWS with an easy to understand reports delivered to your team directly. Get control of your AWS budget without significant engineering time¬†& resources.
https://coastapp.com,
https://coda.io,"Coda begins with a blinking cursor and grows as big as your team's ambition. We've seen Coda docs do everything from run weekly meetings, to launch products."
https://codecademy.com,"Learn the technical skills you need for the job you want. As leaders in online education and learning to code, we‚Äôve taught over 45 million people using a tested curriculum and an interactive learning environment. Start with HTML, CSS, JavaScript, SQL, Python, Data Science, and more. "
https://www.codetally.com,Tests how to render stuff well.
https://collegelife.co,It's time to elevate your College Life - join the community of international students & graduates in your country. Our mission is to make your life easier.
https://xfinity.com,
https://metallic.io,Cloud-delivered backup and recovery solution that gives you enterprise-grade data protection at warp speed with ultimate flexibility.
https://www.senseilabs.com,"Sensei Labs builds smarter digital workplace solutions that your people will love, powered by data and grounded in experience. We help people orchestrate work with ease, foster innovation, and collaboration at scale."
https://stop-the-spread.dev,Web site created using create-react-app
https://continual.ly,Convert more website visitors to customers by responding automatically
https://contractawesome.com,"ContractAwesome is the best-in-class, end-to-end contract management solution for businesses of all sizes that helps you manage all your legal documents."
https://www.cozycal.com,"Online scheduling and appointment booking software. A simple, elegant solution that allows your clients to schedule appointments directly on your website."
https://creately.com,"Visual software to draw and collaborate on ideas, concepts and processes. Use it as a chart and diagram maker/collaboration tool/visual space. Free to start."
https://www.creatio.com,"Award winning BPM CRM system for marketing, sales and service to manage business processes across the entire customer journey on a single low code platform
"
https://www.crowdbotics.com,"It's not low-code, it's full code made easy. Build business-ready software, apps, integrations, and more with the Crowdbotics App Builder. Hire certified PMs and developers to help build your project at any time."
https://crowdmark.com,"Crowdmark is an online collaborative grading platform that enables educators to evaluate student work more effectively. Analyze student learning on short answer, long answer and multiple choice questions."
https://curbtocar.com,Curb-to-Car - Simple curb-side check-in for any business
https://customfit.ai,Convert visitors to quality leads by personalizing website for each visitor
https://www.darwinmail.app,Darwin Mail is your golden ticket to a more productive day.
https://www.dashly.io,"Generate more leads, Close more deals, Help your customers succeed"
https://dashly.io,"Generate more leads, Close more deals, Help your customers succeed"
https://databand.ai/,
https://deerdesigner.com,Get a personal designer that cares about your success. No more freelancers! Unlimited graphic design service for a flat monthly fee. 14-day money-back guarantee. Try now!
https://designmodo.com,One of the most popular Design and Web Development blog in the world. Great resource for both beginners and advanced designers looking to expand and improve their knowledge.
https://devscore.com,"DevScore is a Low Code Automation Service for software development teams to automate manual tasks, data synchronizations and reporting of Scrum, CI/CD and Operations."
https://www.dialpad.com,Get business VoIP with Dialpad and connect your team with a cloud phone system that makes business communications easier and more efficient. Try for free!
https://kantree.io,Kantree allows teams to work together in real-time and visually manage any kind of activities. Self-hosted and cloud versions available.
https://digitalocean.com,"Helping millions of developers easily build, test, manage, and scale applications of any size ‚Äì faster than ever before.
"
http://boardeffect,
https://discordapp.com,"Discord is the easiest way to communicate over voice, video, and text.  Chat, hang out, and stay close with your friends and communities."
https://divjoy.com,Divjoy helps you create the perfect codebase and UI for your next React project.
https://docspring.com,"Build an API integration in minutes and fill out PDF forms with your data. Set up field positions and data types using our visual PDF template editor. Simply post JSON data to our API, then download a filled-out PDF in seconds."
https://document360.io/,
https://www.docusign.com,"Get the security, mobility, reliability, and ease of use you need to digitally transform your business, with the DocuSign Agreement Cloud eSignature solutions."
https://dokomaps.com,"Doko Maps is a platform to create, organize and share places on a map. Tag and categorize restaurants, hotels and more to share them. Discover community recommendations to inspire your next adventure"
https://dropbox.com,Dropbox is a modern workspace designed to reduce busywork-so you can focus on the things that matter. Sign in and put your creative energy to work.
https://dstack.ai,"A platform for collaborative data science. Publish, track, and share data visualizations with ease."
https://www.easyship.com/,"Global shipping software for eCommerce makes multi-courier shipping easy! Get simple platform integrations, print labels and save up to 70% on rates."
https://www.easyteo.com,"easyteo est une suite de 12 logiciels en ligne, responsive design, pour les TPE et les PME qui r√©alisent leur facturation et tiennent leur comptabilit√©."
https://www.elementform.com/,
www.enhancv.com,
https://www.getepic.com,"The leading digital library for kids offering unlimited access to 40,000 of the best children‚Äôs books of all time. Sign up for a free 30 day trial to instantly access high-quality online books for kids, ebooks, audio books, quizzes, videos, and more."
https://www.ericom.com,"Zero Trust Browser Isolation & Secure Access solutions that protect organizations while connecting end-users to web, cloud and on-premises systems & resources"
https://evernote.com,"Our note taking app helps you capture and prioritize ideas, projects and to-do lists, so nothing falls through the cracks. Start your free trial today!"
https://www.evervault.com/,evervault is data privacy.
https://evidence.io,Convert more visitors using the power of social proof. Help guide site visitors by showing real-time actions and purchases from other site visitors.
https://expensify.com,"Expensify is the world's leading application for expense management, receipt scanning, and business travel. Snap a photo of your receipt using SmartScan and Expensify takes care of the rest. Sign up today to get started with expense reports that don't suck!"
https://www.expertrec.com,"Create a beautiful custom search engine in 5 minutes using expertrec. No coding required. Priced at 9 USD per month. Features- PDF indexing, search as you type..."
https://eztexting.com,"Want to send a mass text, enable text-to-landline, or launch an SMS marketing campaign? EZ Texting has you covered. Start free texting online today."
https://www.facebook.com,"Create an account or log into Facebook. Connect with friends, family and other people you know. Share photos and videos, send messages and get updates."
https://feedbackfruits.com,FeedbackFruits co-creates pedagogical tools with higher education institutions to support teachers in creating engaging courses and stimulating active learning.
https://fieldfusion.io/,"Maximise operational efficiency, manage staff and delight clients by creating a seamless link between your office, mobile workforce and customers."
https://findmegigs.com,A ü§ñbot that finds gigs and jobs on Twitter tailored for you
https://flamelink.io,"Flamelink.io is an easy to use, content centric CMS that integrates with Google's Firebase to build Mobile and Web Apps, Digital Campaigns, and Websites."
https://www.fluxo.ai,Fluxo is the fastest way to create and automate a financial plan for your business. No more wasting time with messy excel spreadsheets!
https://foxbound.io/,"FoxBound combines Sales Intelligence, Lead-Generation, and Sales Engagement tools to create the ultimate Sales Acceleration Stack for growing companies."
https://freelo.app/,Freelo is designed for independent professionals and small teams who want an absolute control of the projects.
https://www.freshworks.com,Feature packed product suite for businesses of all sizes. Refreshing cloud software your teams will love. Support | Sales | ITSM | Cloud PBX
http://funretro.io,"Our fun, simple, and intuitive tool will revolutionize your teams collaboration process. Try it today for free and discover how fun retrospectives can help you."
https://ganttpro.com,"Sign up for free and create Gantt charts in GanttPRO online Gantt chart software. Plan, create, and manage tasks and schedules in minutes. Quick registration."
https://www.genesys.com,"Genesys is a leader for omnichannel customer experience & contact center solutions, trusted by 10,000+ companies in over 100 countries."
https://gforge.com,"Why string separate tools together?  GForge gives you tasks, code, wiki, chat and so much more - always integrated.  Start simple, turn on features when your team needs them.  Search everything, anytime."
https://gocious.com,Cloud software as a service for product planning & management. Make better decisions on what features to include in your product configurations with our product score.
https://www.godaddy.com,"Your all in one solution to grow online. Start a free trial to create a beautiful website, get a domain name, fast hosting, online marketing and award-winning 24/7 support."
https://cloud.google.com,"Meet your business challenges head on with cloud computing services from Google, including data management, hybrid & multi-cloud, and AI & ML."
https://www.grow.com,Business intelligence software that frees the insights you desperately need to fuel growth and transform your business.
http://growth-x.com,Growth-X is an automation tool for social media outreach.
https://harver.com,
https://www.hatchbuck.com,"Hatchbuck helps businesses move forward with integrated marketing software, sales automation (CRM) and marketing automation solutions built for the way you work. Reach customers and drive revenue with our easy-to-use solutions."
https://www.headspace.com,"Live a healthier, happier, more well-rested life in just a few minutes a day with the Headspace app."
https://hearapp.co,"Easily allow others to schedule an appointment with you with just a link. Take meeting notes. Share it with each other at the end of the meeting. Automatic minutes of meeting. Starts at $5, easy to use, better than Calendly, Hugo Meeting."
https://hellonext.co,"Hellonext helps you organize feedback and upvote on features to create a well defined change log of features you would want to build. It is simple, powerful and available on Android and iOS. Starts at $10 per month."
https://helpwise.io,"Helpwise is an easy to use shared inbox and email collaboration software for teams to manage team email accounts like help@, sales@, etc. Get Shared Inbox for your team now! "
https://tryhexadecimal.com,Find peace of mind knowing that your websites are up and running. Keep everyone in the know about your websites' uptime by publishing a status page.
https://hiverhq.com,Effortless email delegation and Shared Inbox management - say goodbye to email clutter.
https://www.honeybadger.io,Honeybadger provides exception and uptime monitoring to keep your web apps error-free.
https://hootsuite.com,"Enhance your social media management with Hootsuite, the leading social media dashboard. Manage multiple networks and profiles and measure your campaign results."
https://hostitor.com,"Host Unlimited Websites with Unlimited Storage for just $15/year. Get 6 months of free web hosting with Hostitor, no payment required. "
https://tryhoverify.com,"Hoverify makes inspecting, editing, copying HTML and CSS super easy by just hovering over the element. It also include various tools which lets you Hide and remove elements, Search, Pick colors and capture screenshots."
https://hracuity.com,"Better control how your organization tracks, investigates, and analyzes employee relations issues with HR Acuity's human resources management software."
https://humu.com,"Humu helps companies use behavioral science and machine learning to build stronger, happier, more capable teams from the inside out, and bottom up. Learn how!"
https://www.hypercare.com,"Discover who is on call and compliantly communicate with your colleagues. Spend less time returning calls, more time on your patients."
https://hypersay.com,"Hypersay is a platform for live interactive presentations featuring live polls, live subtitles, q&a, feedback and analytics. Loved by lecturers, teachers, keynote speakers, training companies, businesses around the world."
https://www.ibm.com,For more than a century IBM has been dedicated to every client's success and to creating innovations that matter for the world
https://ideanote.io,"Ideanote is an easier and faster way for companies to collect, collaborate and act on ideas from customers and employees. Get your all-in-one innovation platform today."
https://igloodigitalworkplace.com,
https://intellihr.co,
https://www.intention.nl,Groene hosting met duidelijke tarieven en uitgebreide support in een kwaliteit netwerk en met goede servers. Dat is hosten bij Intention!
https://intercom.com,"We make customer messaging apps for sales, marketing, and support, connected on one platform. Our mission is to make business personal again."
https://www.intermedia.net,"Intermedia is a leading one-stop shop for Unified Communications, Exchange email, VoIP, file sharing, & other business cloud services. Learn more today!"
http://investorhunt.co,"Investor Hunt is the largest investor database online, complete with almost 30,000 investor emails ü§ë"
https://invoicequick.com,"Who small business, freelancers and startups trust to look professional, invoice on-the-go & get paid faster."
https://getjames.app,
https://www.jamespot.com/,Jamespot √©dite une solution de r√©seau social d'entreprise hautement configurable selon vos contextes m√©tiers. Apportez une dimension sociale √† votre m√©tier !
https://jamm.app,
https://www.jiminny.com/,There's an easier way to sell | Jiminny is the platform for all your team‚Äôs communications. Use Automation & AI to help your sales team grow and develop.
https://www.jobtrackable.com/,"Jobtrackable is a Job Application Tracker. A job tracking tool for job seekers to organize their job applications - interview dates, job application status."
https://joonko.co/,
https://www.jotform.com,"If you need online forms for generating leads, distributing surveys, collecting payments and more, JotForm is for you. Learn more about how we can help at JotForm.com."
https://www.jotform.com,"If you need online forms for generating leads, distributing surveys, collecting payments and more, JotForm is for you. Learn more about how we can help at JotForm.com."
https://jubiwee.com,L'outil le plus efficace du march√© pour une exp√©rience collaborateur unique. Rendez vos √©quipes extraordinaires.
https://justcall.io,"JustCall is a cloud based phone system for your remote sales and support teams. Integrates with HubSpot, Intercom, Pipedrive, Salesforce & other CRM/Helpdesk tools. "
https://kabbage.com,"Need a small business loan to get the working capital you need? Learn why Kabbage is the simplest and fastest way to get up to $250,000 for your business."
https://karenapp.io,"Karen helps you schedule single, group, and recurring meetings, and appointment. It is a well-known Online Meeting and Appointment Scheduler AI BOT. All-in-one solution for member management, class scheduling, yoga and fitness stuido, payments and more. Schedule a free demo."
https://www.kaspersky.com,Global leader in cyber security solutions and services built to protect your home and business. Saving the world from cyber threats for over 20 years. Find out more.
https://kedaiweb.co,The ecommerce system comes with four pre-built agent to help you get started faster ¬∑ Kedaiweb.co
https://www.kernelcare.com/,"Preventing dangerous patch delays with rebootless kernel update. Trusted by Dell and 1,500+ enterprise companies. Support all major Linux Distributions."
https://remme.io,Our mission is to upgrade and deliver a new security standard and PKI-enabled apps to address the challenges of the Web 3.0.
https://kgbase.com/,"Most datasets are siloed, producing an information overload challenge. Knowledge Graphs can be used as a search engine that sparks new ideas and finds unexpected connections."
https://kidpofy.com,"Continuously, find a way to keep all the memories of your children, right? üëß üë¶Would you like to keep how your children write in their first years?"
https://kimp.io,Get unlimited graphic design for a flat monthly fee from Kimp. Start with a free 7 day trial and see how a dedicated design team can help you scale your marketing
https://kimp.io,Get unlimited graphic design for a flat monthly fee from Kimp. Start with a free 7 day trial and see how a dedicated design team can help you scale your marketing
https://kirim.email/,"Dapatkan lebih banyak traffic dan penjualan untuk bisnis Anda dengan layanan email marketing, autoresponder, dan marketing automation dari KIRIM.EMAIL."
https://kissflow.com,"Kissflow‚Äôs Digital Workplace is designed for minimal disruption of work. Built for the modern workplace, it ensures convenience, consistency, and connectivity in the office."
https://kiwihr.com,Simple HR software ideal for small businesses. Switch to online human resources management without breaking the bank on all devices. Try for free.
https://www.knack.com,
kognity.com,
https://krisp.ai,"With a single button, Krisp removes all background noises for incoming and outgoing calls. Increase your productivity by having professional and noiseless conference calls from anywhere."
www.lambdatest.com,
https://www.larksuite.com,"Lark is the next-gen workspace for teams. The future of work is here, and it's free."
https://learnermobile.com,"Our performance support tool is a best-in-class mobile solution for 
forward-thinking people developers like yourself. How can we help you?"
https://leavemealone.app,"See all of your subscription emails, newsletters, and spam in one place and unsubscribe from them with a single click. Take back control of your inbox."
https://legaler.com,"Legaler offers free tools to help you schedule, host and archive online meetings securely in your browser with end-to-end encryption for video calls and messaging. Meet Smarter. Meet Legaler."
http://www.letsignit.io,"Empower your brand with harmonized email signatures for all employees and boost your communication with a powerful channel. Letsignit : easy to use, manage and deploy. FREE TRIAL"
https://letterwell.co,"Buy and sell advertising space in newsletter emails. We provide a secure, thoroughly vetted marketplace to connect advertisers with newsletter owners."
https://www.lever.co,"Lever provides the best rated recruiting software, applicant tracking system (ATS), and recruitment marketing tools used by top businesses."
https://leverice.com,
https://lifesize.com,"Lifesize is a purpose-built video conferencing solution for the modern business. Try our industry-leading app for free! See why Lifesize is used by organizations around the world to connect anyone, anywhere, on any device or in any meeting room."
https://www.linkedin.com,"675 million+ members | Manage your professional identity. Build and engage with your professional network. Access knowledge, insights and opportunities."
https://linknge.com,"How to make a whatsapp link?? With us, Free 100% Linknge.com Create your own Whatsapp Click to Chat easily, or shorten your URL, and you can see the statistics."
http://listenwise.com,"Teach and assess listening using the award-winning Listenwise program. Collections for English. social studies, science, and current events. Free lessons and educational podcasts available!"
https://www.liveagent.com/,
https://livestorm.co,"Livestorm provides simple software for video communications for business. Host webinars, live, prerecorded or automated, create and join online meetings easily."
https://gotomeeting.com,"GoToMeeting online meetings, video conferencing and web conferencing software enables businesses to collaborate with customers, clients or colleagues in real-time. Try for free today!"
https://www.loom.com,"Easy and free screen recorder for Mac, Windows, and Chromebooks. Record your camera and screen with audio directly from your Chrome browser and share the video with your team, friends, and family."
https://getlowdown.com,Lowdown unleashes the valuable content locked within Slack and emails it to your members so they don't miss key information.
https://www.lucidchart.com,"Lucidchart is your solution for visual communication and cross-platform collaboration. Create professional flowcharts, process maps, UML models, org charts, and ER diagrams using our templates or import feature. Works on Mac, PC, and Linux and integrated with your favorite apps. Start a free trial today!"
https://luminati.io/,World's largest proxy service with a residential proxy network of 72M IPs worldwide and proxy management interface for zero coding. Start a 7-day free trial ¬ª
https://www.lunsjapp.com/,"Lunsj is bringing serendipity back (to work that is) by sparking social connection among colleagues. We help organizations of all sizes build cohesive relationships, whether in the office or remote."
https://www.luxlock.com,
https://www.lystloc.com,"Lystloc: Track your employees and vehicles in real-time with location intelligence app. Locate, assign and track your employees or Team based on real time data."
https://www.mailcertified.com,
https://mailchimp.com,"Mailchimp is the All-In-One integrated marketing platform for small businesses, to grow your business on your terms. It's easy to use - start for free today! "
https://www.mheducation.com,"Because learning changes everything.‚Ñ¢
We apply the science of learning to create innovative solutions to improve education outcomes around the world."
https://www.meistertask.com,"MeisterTask is the most intuitive collaboration and task management tool on the web. Sign up, invite your team and start working. No training required."
https://microsoft.com,At Microsoft our mission and values are to help people and businesses throughout the world realize their full potential.
https://www.mindmeister.com,"Use special features! ‚úì Brainstorm your ideas & vote ‚úì Add images, videos, links, comments ‚úì Windows & macOS ‚úì Android & iOS ‚ñª Try it for free"
https://mindwave.app,"Mindwave is an all-in-one journal for work and life. You'll learn from your past, be present, and improve your future."
https://mintdata.com,MINTDATA‚Ñ¢ is a modern way to create and deliver web applications.
https://miro.com,"Scalable, secure, cross-device and enterprise-ready team collaboration whiteboard for distributed teams. Join 4M+ users from around the world."
https://miro.com,"Scalable, secure, cross-device and enterprise-ready team collaboration whiteboard for distributed teams. Join 4M+ users from around the world."
https://monday.com,"monday.com powers teams to run processes, workflows, and projects in one digital workspace, unleashing their potential to achieve extraordinary results in all aspects of their work."
https://www.monitoro.xyz,"Monitor website changes and send the latest data to IFTTT, Google Sheets, Zapier, Firebase, AWS Lambda and many other services."
https://moz.com,"Backed by the largest community of SEOs on the planet, Moz builds tools that make SEO, inbound marketing, link building, and content marketing easy. Start your free 30-day trial today!"
https://musicformakers.com,"Fed up with restrictive music licenses, massive stock libraries, and overused tracks? Find royalty-free music for your podcast, video, or other creative project now."
https://myhours.com,Free Time Tracking software with a track record. Time tracked on projects and tasks can be easily turned into shareable reports for your clients or managers. Set hourly rates and generate invoices with ease.
https://netnut.io/,"Rotating & Static Residential Proxies. 24/7 IP availability! Best for Web Scraping, Data Extraction, SEO, SMM. Claim your 7 day FREE TRIAL!"
http://newclick.io,Schedule Shopify Promotions with newclick.io
https://nimbusweb.me,"Transform information chaos from multiple sources into an organized workplace. Empower yourself or your team to get things done faster with less iterations, and fewer meetings."
https://nocodeapi.com,"Build Third Party Applications APIs without code with NoCodeAPI like google sheet, airtable, google analytics, twitter, instagram, rss to JSON, 50+ more applications APIs."
https://igius.com,
https://noisli.com,
https://www.noisli.com,"Your digital place for focus. Mix different sounds and create your perfect sound environment to work, study and relax."
https://www.numahelps.com,"Numa greets and responds to callers while you're helping customers, saving time and worry of missing new customers"
https://nvidia.com,
https://www.okta.com,"The Okta Identity Cloud provides secure identity management with Single Sign-On, Multi-factor Authentication, Lifecycle Management (Provisioning), and more."
https://oneclick-cloud.com,"oneclick‚Ñ¢ Cloud Plattform: Der einfachste, schnellste und sicherste Weg, um alle Applikationen und Daten bereitzustellen und Benutzer damit zu verbinden."
https://www.onelogin.com,See how OneLogin‚Äôs IAM solutions securely connect people to technology with single sign-on and MFA.
https://otter.ai,
https://www.getoutline.com,"Your team‚Äôs knowledge base - Team wiki, documentation, playbooks, onboarding & more‚Ä¶"
https://outmatch.com,OutMatch‚Äôs talent selection platform supports all of your hiring and employee development decisions using both pre-employment assessments and talent analytics.
https://pagertree.com,"PagerTree on-call incident management gives devops teams flexible schedules, escalations, & reliable notifications via email, SMS, voice, & smartphone app."
https://pandadoc.com,"Create, send, track, and eSign beautifully designed proposals, contracts, and quotes. Join 16,000+ companies accelerating deals with PandaDoc. Try it free!"
https://www.pandadoc.com/,"Create, send, track, and eSign beautifully designed proposals, contracts, and quotes. Join 16,000+ companies accelerating deals with PandaDoc. Try it free!"
https://www.panopto.com,"Panopto is the leading online video platform for businesses & universities. Easily create, host, search, share, and stream videos across your organization."
https://www.panopto.com,"Panopto is the leading online video platform for businesses & universities. Easily create, host, search, share, and stream videos across your organization."
https://www.paperspace.com,
https://papyrs.com,Build a modern simple intranet or internal wiki site for your company in seconds with our easy web-based software. Get organized with a central knowledge base and internal website.
https://payrequest.io,Everything you need to accept payments and to sell online.
https://www.onepeloton.com,Access high-energy indoor cycling workouts instantly. Discover the Peloton bike: the only exercise bike streaming indoor cycling classes to your home live and on-demand.
https://trypigeon.co,"Gmail, meet spreadsheet. CRM, mail merge, automated follow ups, canned responses, and many more features to spend less time on email."
https://www.pingidentity.com,"Ping Identity frees the digital enterprise by providing secure access that enables the right people to access the right things, seamlessly and securely."
https://www.placer.ai,"By harnessing mobile data from tens of millions of devices, Placer.ai applies the latest in AI, machine learning, and big data analytics to generate accurate insights and behavioral predictions for any location, store, or geographic area"
https://placid.app,"Let us create social share images for your websites automatically! You choose the design ‚Äì we add images for Facebook, Twitter & Pinterest to your pages."
https://www.pleo.io,The business expenses solution that empowers your people to do more. Join the thousands of companies that trust Pleo to make paying for stuff at work easier.
https://polypane.app,"Make your entire browser the devtool and build your site for multiple screens at once with Polypane, the best browser for developers and designers."
https://www.postaffiliatepro.com/,"Post Affiliate Pro is the #1 ranked affiliate software, trusted by more than 30,000 companies worldwide. Start your affiliate program now."
https://pragli.com,
https://prisync.com,"The pricing software that helps you listen to your competition, optimize prices and maximize revenue from a single dashboard, easily."
https://productroad.com,"Collect feedback from users, transform to roadmap, build best product for clients and share changelog."
https://www.projectcentral.com,
https://www.project44.com,Manage your freight tracking in real-time with project44's supply chain visibility platform. Schedule a demo today.
https://proxyman.io,"Proxyman ‚Ä¢ Modern and Delightful HTTP Debugging Proxy. Proxyman is a high-performance macOS app, which enables developers to view HTTP/HTTPS requests from apps and domains from macOS & iPhone & Android"
https://www.publisuites.com,"Publisuites es un marketplace de publicidad donde podr√°s comprar y vender posts patrocinados, tweets patrocinados y publicaciones en Instagram"
https://pukkateam.com,"PukkaTeam is an always-on, online workplace for your remote team to work together throughout the day, improve communication, team awareness and feel more connected, no matter where they are. Find Out More!"
https://www.qualified.io,Assess software engineers effectively with online coding tests in a natural coding environment. Qualified evaluates coding abilities using auto-scored code assessments and collaborative pair-programming interviews.
https://www.qualtrics.com,"Qualtrics empowers companies to capture and act on customer, product, brand & employee experience insights in one place."
https://www.queuemetrics-live.com,
https://www.range.co,"Build successful teams with Range. Stay in sync, focus on what matters, and get more done.
"
https://readermode.io,A feature-packed Reader Mode chrome extension with dyslexia support. Remove all clutter and view any article in a distraction-free readermode.
https://reclaim.ai,Reclaim makes room on your calendar to help you focus on the things that keep you up at night.
https://www.redmineup.com,"We know how to project and deliver Redmine plugins, themes, IT solutions and services for Redmine - custom development, Redmine installation and configuration. Over 50 000 happy clients"
https://stackby.com,"Stackby brings together best of spreadsheets, databases and business APIs in a single customizable platform. Real-time team collaboration. 100+ templates. 20+ API Integrations. 4 data views. Free to sign up. Checklists. Reminders. Slack Integration. Forms. Free Sign up."
https://remoteleaf.com,"Remote Leaf aggregates remote jobs in one organised place from tons of remote job boards, company career pages, linkedin, reddit, twitter, facebook groups and hacker news hiring."
https://remoteok.io,"39,461 Remote Jobs available: Work Remotely as a Programmer, Designer, Copywriter, Customer Support Rep, Project Manager and more! Hire remote workers. Remote OK is the biggest remote jobs board on the web to help you find a career where you can work remotely from anywhere."
https://reply.io/,"Reply is a multichannel sales engagement platform which automates personal email outreach, calls, and tasks, while Sales can focus on what really matters - closing deals."
https://reportei.com,"Gere relat√≥rios de redes sociais e marketing digital em 3 segundos. Instagram, Facebook, LinkedIn, Youtube, Analytics e Google Ads. Teste gratuitamente!"
https://www.retrospect.team,Easily conduct end of sprint and project retrospectives with everyone on your team no matter their location.
https://www.returnscenter.com/,AfterShip Returns Center is a product returns solution for eCommerce. Automate returns process with self-service returns portal.
https://www.rev.com,"Online audio transcription and video caption services. For business, legal, academic and personal needs. Transcribe audio to text, create captions and subtitles for videos with fewer hassles and better results."
https://ribboncommunications.com,Innovative Real-Time Communications Solutions from the Cloud or from Your Network.
https://richielending.com,"Business loans with 10% cashback, protect privacy and use our streamlined application - all while not paying extra interest on the loan"
https://www.ringcentral.com,"RingCentral is the leading provider of global enterprise cloud communications and collaboration solutions - empowering today‚Äôs mobile workforce to communicate, collaborate, and connect."
https://routific.com,Routific is a market-leading route optimization solution. Our software can help you plan routes in minutes. Start your free trial today.
https://rulecontent.com,Content Marketing Platform
https://saasketeer.com/,Sell your unused Saas plans
https://saferequest.net,Safely receive files only you can open.
https://www.safetyamp.com,"Easy to use, configurable safety and compliance  software to increase engagement, reduce risk, and improve your health, safety, and quality workflows."
https://www.salesforce.com,"Unify marketing, sales, service, commerce, and IT teams with Customer 360, and get free online training, expert support, and a community of peers to help you succeed. Try it free."
https://scholastic.com,
http://synergizeinsights.com,"Synergize Insights is a free civic engagement tool that uses SMS technology to collect data that informs programs, policy, and community planning."
https://www.secureauth.com,"Experience enterprise-level identity and access management with SecureAuth's powerful, innovative, multi-factor adaptive authentication solutions. Stop bad actors, attackers and criminals from stealing your data!"
https://www.sellpro.net,"SellPro makes it super simple to train retail associates in an engaging way, and get them to sell your products. You can also track results with SellPro's robust reporting features."
https://www.semrush.com,"SEMrush offers solutions for SEO, PPC, content, social media and competitive research. Trusted by over 5000000 marketers worldwide"
https://www.sentinelone.com,"Endpoint security software that defends every endpoint against every type of attack, at every stage in the threat lifecycle"
https://www.seowl.co,
https://www.servicenow.com,"ServiceNow allows employees to work the way they want to, not how software dictates they have to. And customers can get what they need, when they need it."
https://sheet2site.com,"Sheet2Site is a website builder that lets you create your own website without writing code using only Google Sheets with pictures, filters and links."
https://shiftx.com,Collaborate on business processes with a visual language that everyone understands.
https://www.shopify.com,"We‚Äôre not just an ecommerce software, Shopify is the best ecommerce platform that has everything you need to sell online, on social media, or in person."
https://simpleanalytics.com,"Simple Analytics gives you the analytics you need without invading your users' privacy. GDPR, CCPA, and PECR compliant. We don't handle PII and use no cookies."
https://slack.com,"Slack is where work flows. It's where the people you need, the information you share, and the tools you use come together to get things done."
http://slashtop,
https://sleuth.io,Cloud-based deployment tracking that arms remote software teams with the knowledge required to move faster.
https://www.smartsheet.com,The leading platform for enterprise achievement.
https://www.snapshift.co/,"Snapshift est un logiciel de planning et de gestion du personnel con√ßu pour faciliter la gestion des processus RH en ligne. 

"
https://sparklybot.com,
https://sparkup.app/,"Sparkup is the leading audience interaction platform for meetings and events. Engage your audience with live Q&A, Polls, Quizzes and much more!"
https://spike.sh,"Spike is a simple incident management platform that alerts via slack, phone and email and automatic escalations to help teams fix infrastructure problems."
https://sponseasy.com,"Sponseasy is your go to platform to manage your entire sponsorship life cycle. Whether you are an athlete, organize an event or manage a non profit, Sponseasy if the missing tool of your workflow: create a stunning and professional online sponsorship deck in minutes and boost your sponsorship sales."
https://spotonwifi.com,Get more positive reviews from real customers and get more guests automated with SpotOn: the best all-in-one WiFi Marketing platform for SMBs.
https://stadiamaps.com,
https://startday.app,
https://statushero.com,"Status Hero is a lightweight application for tracking daily goals, activity logs from your tools, and status updates from your team, all in one place. Remote teams love it. Sync up your team, kill stand-up meetings, inform stakeholders, and quickly cut through all of the management noise."
https://stickies.io/,
https://superpayit.com,SuperPay makes collecting recurring and one-time payments frictionless & fast for your business.
https://support.com,"Get tech support for any device in the connected home - PCs, Macs, smartphones, Smart TVs, wireless routers, home security, and more. 24/7. Call 1-833-202-2695."
https://www.surveymonkey.com,Use SurveyMonkey to drive your business forward by using our free online survey tool to capture the voices and opinions of the people who matter most to you.
http://surveysparrow.com/,"Free online survey tools & market research software from SurveySparrow - turn your boring feedback surveys into engaging conversations. Create surveys, now!"
https://sweetjamsites.com,A done-for-you website building productized service for other productized service businesses. With FREE hosting.
https://www.systancia.com,"D√©couvrez Systancia, √©diteur fran√ßais de logiciels de virtualisation d'application et Cybers√©curit√©. Label France Cybersecurity | Webd√©mos | Livre Blanc"
https://techsmith.com,"TechSmith is the industry leader for screen recording and screen capture software. TechSmith gives you everything you need to capture and record your Windows, Mac, and iOS devices."
https://tefter.io,"Tefter is the social bookmarking app for individuals and teams. There is a desktop app for Windows, Linux and Mac, a mobile app and a Slack integration to collaborate with your team"
https://teogest.com,
https://tettra.com,
https://textit.in,TextIt lets you visually build interactive SMS applications and launch them anywhere in the world.
https://threads.com,"A platform to help growing teams share, discuss, and make decisions‚Äîno matter where they are."
https://www.toursolver.com/en/,
https://tripit.com,
http://www.typeform.com,Create interactive experiences for your audience ‚Äî get more responses. It's that simple. Try it FREE ‚Äì no coding required.
https://www.uhaul.com,"Looking for trucks, trailers, storage, U-Box¬Æ containers or moving supplies? With over 20,000 locations, U-Haul is your one-stop shop for your DIY needs."
https://neilpatel.com,Advanced: The Simple Process That Works To Turn Ice Cold Prospects Into Happy Customers (w/ Automated Conversion Funnels & Sequences).
https://neilpatel.com/ubersuggest/,"Ubersuggest helps you generate keyword ideas for your content marketing strategy and production. With Ubersuggest's free keyword tool, generate an unlimited number of suggestions for free and take your content creation to the next level while increasing your website's chances of ranking against the competition."
http://unicorn-nest.com/,Unicorn Nest
https://upflow.io,"Manage your invoices, from creation to payment, and collect 100% of your turnover"
https://sitter.app,"Whether you work with an agency or manage your own list of babysitters, Sitter Pro and Sitter make scheduling childcare hassle-free."
https://user.com/en,User.com is an advanced marketing and sales automation software. We help companies streamline internal processes and grow their business faster.
https://vectorspace.ai,NLP/NLU Correlation Matrix Datasets
https://www.vidyard.com,"Vidyard is an online video platform for business which allows you to increase leads, accelerate your pipeline and delight your customers. Learn more!"
https://vitally.io/,"Vitally is a Customer Success platform that provides analytics, alerts, automation, and engagement tools to help high-growth companies provide personalized Customer Success at scale."
https://www.vonage.com,"Vonage offers flexible and scalable voice, messaging, video and data capabilities across Unified Communications, Contact Centers and Communications APIs."
https://www.vyopta.com,
https://www.sentinelone.com,"Endpoint security software that defends every endpoint against every type of attack, at every stage in the threat lifecycle"
https://www.waveapps.com,
https://webflow.com,"Build responsive websites in your browser, then launch with our world-class hosting or export your code. Discover the professional website platform built for your business."
https://weglot.com/,"Make your website multilingual using Weglot. Translate your website within minutes in multiple languages. Reach a wider audience and increase your sales. No code required. Integrates easily to your website using a dedicated WordPress plugin, Shopify App or JS script."
https://whispli.com,The whistleblowing platform for security-conscious organizations. Hundreds of companies around the world trust Whispli to stay compliant.
https://widebot.net,"WideBot is the first Arabic-focused bot builder platform. Build smart chatbots that speak the region's language without coding, and engage with your users."
https://www.wildix.com,"Wildix - multinational company operating in the field of Telecommunications: VoIP, Multimedia PBX, WebRTC and Unified Communications."
https://www.trywingman.com,"Let Wingman help your team close sales faster with real-time coaching, custom cue-cards, objection handling and the best conversion intelligence."
https://wobaka.com,"Wobaka is the CRM system you'll actually enjoy using. Making it easier, efficient and more fun to manage contacts and close deals."
https://workable.com,"More than an applicant tracking system, Workable's talent acquisition software helps teams find candidates, evaluate applicants and make the right hire, faster."
http://www.workato.com,"Workato, a leader in Gartner MQ, is more than an iPaaS. It's an Intelligent Automation platform that can be used by both Business and IT. It supports thousands of enterprise and workflow usecases so you can automate everything."
https://workhuman.com,
https://wrike.com,"Wrike is an online project management software that gives you full visibility and control over your tasks. With the help of our product, managing projects becomes easier. Our project management tools include time tracking, project planning and organization, an interactive timeline, communication and online collaboration features for teams of any size."
https://www.writinganalytics.co,A writing tracker that helps you stay motivated and get your words done. Writing Analytics tracks writing and revision across all your projects.
http://www.wundamail.com,We make a wundafully simple bit of software that helps you manage remote and local teams of any size. 
https://xeovo.com,"Silence censorship. Protect your privacy and bypass restrictions with Xeovo VPN. Starting from 2,99$/mo."
https://www.yarooms.com,Management of shared spaces and resources made simple for your modern workplace.
https://nowronganswers.com,
https://zapier.com,
http://zencastr.com,The easiest way to record your voip podcast interviews in studio quality
https://www.zendesk.com,Our customer service and sales CRM software is designed to create better customer relationships. Build the best customer experiences with Zendesk.
https://www.zensors.com,
https://zerotier.com,
https://www.zoho.com,Run your entire business with Zoho's suite of online productivity tools and SaaS applications. Over 50 million users trust us worldwide.Try our Forever Free Plan!
https://www.zoho.com,Run your entire business with Zoho's suite of online productivity tools and SaaS applications. Over 50 million users trust us worldwide.Try our Forever Free Plan!
http://www.zoom.com,"Zoom is the leader in modern enterprise video communications, with an easy, reliable cloud platform for video and audio conferencing, chat, and webinars across mobile, desktop, and room systems. Zoom Rooms is the original software-based conference room solution used around the world in board, conference, huddle, and training rooms, as well as executive offices and classrooms. Founded in 2011, Zoom helps businesses and organizations bring their teams together in a frictionless environment to get more done. Zoom is a publicly traded company headquartered in San Jose, CA."
